Address,Latitude,Longitude,"Accuracy Score","Accuracy Type",Number,Street,City,State,County,Zip,Country,Source
"2505 U S HIGHWAY 431 NORTH BOAZ, AL 35957",34.22056,-86.159217,1,range_interpolation,2505,"State Rte 1",Boaz,AL,"Marshall County",35957,US,"TIGER/Line® dataset from the US Census Bureau"
"200 MED CENTER DRIVE FORT PAYNE, AL 35968",34.551152,-85.738662,0.33,place,,,"Fort Payne",AL,"DeKalb County",35968,US,"TIGER/Line® dataset from the US Census Bureau"
"ONE HOSPITAL DR SE HUNTSVILLE, AL 35801",34.718428,-86.556439,1,place,,,Huntsville,AL,"Madison County",35801,US,"TIGER/Line® dataset from the US Census Bureau"
"401 VANITY FAIR LANE, PO BOX 618 BUTLER, AL 36904",32.098332,-88.211845,1,range_interpolation,401,"Vanity Fair Ave",Butler,AL,"Choctaw County",36904,US,"TIGER/Line® dataset from the US Census Bureau"
"PO BOX 287 BETHEL, AK 99559",60.79222,-161.75583,1,place,,,Bethel,AK,"Bethel Census Area",99559,US,"TIGER/Line® dataset from the US Census Bureau"
"PO BOX 550 VALDEZ, AK 99686",61.13083,-146.34833,1,place,,,Valdez,AK,"Valdez-Cordova Census Area",99686,US,"TIGER/Line® dataset from the US Census Bureau"
"PO BOX 589 PETERSBURG, AK 99833",56.767056,-132.93195,1,place,,,Petersburg,AK,,99833,US,"TIGER/Line® dataset from the US Census Bureau"
"PO BOX 160 - 602 CHASE AVENUE CORDOVA, AK 99574",60.536166,-145.75335,1,place,,,Cordova,AK,"Valdez-Cordova Census Area",99574,US,"TIGER/Line® dataset from the US Census Bureau"
"P O BOX 130 DILLINGHAM, AK 99576",59.040181,-158.523138,1,place,,,Dillingham,AK,"Dillingham Census Area",99576,US,"TIGER/Line® dataset from the US Census Bureau"
"PO BOX 43 KOTZEBUE, AK 99752",66.865256,-161.780844,1,place,,,Kotzebue,AK,"Northwest Arctic Borough",99752,US,"TIGER/Line® dataset from the US Census Bureau"
"PO BOX 649 FORT DEFIANCE, AZ 86504",35.74682,-109.0685,1,place,,,"Fort Defiance",AZ,"Apache County",86504,US,"TIGER/Line® dataset from the US Census Bureau"
"PO BOX 600 TUBA CITY, AZ 86045",36.132723,-111.241773,1,place,,,"Tuba City",AZ,"Coconino County",86045,US,"TIGER/Line® dataset from the US Census Bureau"
"HIGHWAY 86, AT TOPAWA ROAD SELLS, AZ 85634",32.174931,-112.157406,1,street_center,,"State Rte 86",Sells,AZ,"Pima County",85634,US,"TIGER/Line® dataset from the US Census Bureau"
"103 MEDICINE WAY ROAD PERIDOT, AZ 85542",33.30155,-110.45537,0.33,place,,,Peridot,AZ,"Gila County",85542,US,"TIGER/Line® dataset from the US Census Bureau"
"US HWY 191, HOSPITAL ROAD CHINLE, AZ 86503",34.504275,-109.361055,0.9,street_center,,"Us Hwy 180","Saint Johns",AZ,"Apache County",85936,US,"TIGER/Line® dataset from the US Census Bureau"
"HIGHWAY 264, MILEPOST 388 POLACCA, AZ 86042",35.83667,-110.38152,1,place,,,Polacca,AZ,"Navajo County",86042,US,"TIGER/Line® dataset from the US Census Bureau"
"STATE ROUTE 264 SOUTH 191 GANADO, AZ 86505",35.725738,-109.585853,1,street_center,,"State Hwy 264",Ganado,AZ,"Apache County",86505,US,"TIGER/Line® dataset from the US Census Bureau"
"TWO ST VINCENT CIRCLE LITTLE ROCK, AR 72205",34.750326,-92.351206,1,place,,,"Little Rock",AR,"Pulaski County",72205,US,"TIGER/Line® dataset from the US Census Bureau"
"EAST MAIN AND SOUTH 20TH STREET VAN BUREN, AR 72956",35.436537,-94.338093,0.74,intersection,,"Main St","Van Buren",AR,"Crawford County",72956,US,"TIGER/Line® dataset from the US Census Bureau"
"638 CALIFORNIA AVENUE CAMDEN, AR 71701",33.575972,-92.836133,0.9,rooftop,638,"California Ave SW",Camden,AR,"Ouachita County",71701,US,"Arkansas Geographic Information Office"
"1555 EXCHANGE AVENUE CONWAY, AR 72032",35.07431,-92.420985,0.5,street_center,,"S Exchange Ave",Conway,AR,"Faulkner County",72032,US,"TIGER/Line® dataset from the US Census Bureau"
"2729 SOUTH HIGHWAY 65 &amp; 82 LAKE VILLAGE, AR 71653",33.511592,-91.364525,0.8,rooftop,2729,"Highway 65 N",Dermott,AR,"Chicot County",71638,US,"Arkansas Geographic Information Office"
"600 NORTH HIGHLAND SPRINGS AVENUE BANNING, CA 92220",33.932829,-116.946732,1,range_interpolation,600,"N Highland Springs Ave",Banning,CA,"Riverside County",92220,US,"TIGER/Line® dataset from the US Census Bureau"
"1720 E CESAR AVENUE LOS ANGELES, CA 90033",34.05038,-118.211991,0.33,place,,,"Los Angeles",CA,"Los Angeles County",90033,US,"TIGER/Line® dataset from the US Census Bureau"
"23625 W R HOLMAN HIGHWAY MONTEREY, CA 93940",36.57485,-121.840727,0.33,place,,,Monterey,CA,"Monterey County",93940,US,"TIGER/Line® dataset from the US Census Bureau"
"ONE HOAG DRIVE NEWPORT BEACH, CA 92663",33.61837,-117.91709,1,place,,,"Newport Beach",CA,"Orange County",92663,US,"TIGER/Line® dataset from the US Census Bureau"
"2175 ROSALINE AVE, CLAIRMONT HGTS REDDING, CA 96001",40.572215,-122.395428,1,rooftop,2175,"Rosaline Ave",Redding,CA,"Shasta County",96001,US,"Shasta County"
"ONE MEDICAL PLAZA ROSEVILLE, CA 95661",38.74073,-121.25603,1,place,,,Roseville,CA,"Placer County",95661,US,"TIGER/Line® dataset from the US Census Bureau"
"20103 LAKE CHABOT ROAD CASTRO VALLEY, CA 94546",37.697018,-122.087351,1,rooftop,20103,"Lake Chabot Rd","Castro Valley",CA,"Alameda County",94546,US,"Alameda County"
"27700 MEDICAL CENTER RD MISSION VIEJO, CA 92691",33.561395,-117.666937,1,range_interpolation,27700,"Medical Center Rd","Mission Viejo",CA,"Orange County",92691,US,"TIGER/Line® dataset from the US Census Bureau"
"28400 MCCALL B0ULEVARD SUN CITY, CA 92585",33.718815,-117.165338,0.8,range_interpolation,28400,"McCall Blvd","Sun City",CA,"Riverside County",92585,US,"TIGER/Line® dataset from the US Census Bureau"
"7601 EAST IMPERIAL HIGHWAY DOWNEY, CA 90242",33.929099,-118.157999,1,rooftop,7601,"Imperial Hwy",Downey,CA,"Los Angeles County",90242,US,"Los Angeles County"
"15630 18TH AVE - HWY 53 CLEARLAKE, CA 95422",38.935153,-122.619774,1,rooftop,15630,"18th Ave",Clearlake,CA,"Lake County",95422,US,"Lake County"
"27700 MEDICAL CENTER RD, 5TH FLOOR MISSION VIEJO, CA 92691",33.561395,-117.666937,1,range_interpolation,27700,"Medical Center Rd","Mission Viejo",CA,"Orange County",92691,US,"TIGER/Line® dataset from the US Census Bureau"
"1750 E. KEN PRATT BLVD LONGMONT, CO 80504",40.161925,-105.058271,1,rooftop,1750,"E Ken Pratt Blvd",Longmont,CO,"Boulder County",80504,US,Boulder
"100 PIONEERS MEDICAL CENTER DRIVE MEEKER, CO 81641",39.967864,-108.043592,0.33,place,,,Meeker,CO,"Rio Blanco County",81641,US,"TIGER/Line® dataset from the US Census Bureau"
"ONE HOSPITAL PLAZA STAMFORD, CT 06904",41.308873,-73.363661,1,place,,,Stamford,CT,"Fairfield County",06904,US,"TIGER/Line® dataset from the US Census Bureau"
"201 CHESTNUT HILL ROAD STAFFORD SPRINGS, CT 06076",41.978855,-72.394764,1,range_interpolation,201,"Chestnut Hill Rd","Stafford Springs",CT,"Tolland County",06076,US,"TIGER/Line® dataset from the US Census Bureau"
"56 FRANKLIN STEET WATERBURY, CT 06706",41.552778,-73.03669,1,rooftop,56,"Franklin St",Waterbury,CT,"New Haven County",06706,US,"City of Waterbury"
"BREWSTER RD BRISTOL, CT 06010",41.677956,-72.930362,1,street_center,,"Brewster Rd",Bristol,CT,"Hartford County",06010,US,"TIGER/Line® dataset from the US Census Bureau"
"7TH AND CLAYTON STS WILMINGTON, DE 19805",39.735613,-75.571558,0.48,intersection,,"7th Ave",Wilmington,DE,"New Castle County",19805,US,"TIGER/Line® dataset from the US Census Bureau"
"2190 HWY 85 N NICEVILLE, FL 32578",30.53348,-86.49618,1,rooftop,2190,"Hwy 85",Niceville,FL,"Okaloosa County",32578,US,"MapWise (and individual Florida counties)"
"3001 W MARTIN LUTHER KING JR BLVD TAMPA, FL 33677",27.982697,-82.490537,0.9,rooftop,3001,"W Martin Luther King Blvd",Tampa,FL,"Hillsborough County",33607,US,"Hillsborough County"
"40100 US HWY 27 N DAVENPORT, FL 33837",28.181412,-81.641467,1,rooftop,40100,"Hwy 27",Davenport,FL,"Polk County",33837,US,Polk
"3100 DOUGLAS RD CORAL GABLES, FL 33134",25.759606,-80.255102,0.5,street_center,,"S Douglas Rd",Miami,FL,"Miami-Dade County",33134,US,"TIGER/Line® dataset from the US Census Bureau"
"11750 BIRD RD MIAMI, FL 33175",25.731707,-80.38611,0.6,nearest_rooftop_match,11830,"Bird Rd","Olympia Heights",FL,"Miami-Dade County",33175,US,Miami
"1100 SW 11TH ST LIVE OAK, FL 32060",30.310272,-82.880074,0.5,nearest_rooftop_match,1009,"11th St SW","Live Oak",FL,"Suwannee County",32060,US,"MapWise (and individual Florida counties)"
"960 JOE FRANK HARRIS PARKWAY CARTERSVILLE, GA 30120",34.20138,-84.793673,0.9,rooftop,960,"Joe Frank Harris Pkwy",Cartersville,GA,"Bartow County",30121,US,Bartow
"915 GORDON AVENUE &amp; MIMOSA DRIVE THOMASVILLE, GA 31792",30.824954,-83.972116,1,rooftop,915,"Gordon Ave",Thomasville,GA,"Thomas County",31792,US,Thomas
"ONE MEADOWS PARKWAY VIDALIA, GA 30474",32.198683,-82.39208,1,place,,,Vidalia,GA,"Toombs County",30474,US,"TIGER/Line® dataset from the US Census Bureau"
"462 E G MILES PARKWAY HINESVILLE, GA 31310",31.806832,-81.437074,0.33,place,,,Hinesville,GA,"Liberty County",31310,US,"TIGER/Line® dataset from the US Census Bureau"
"67 1125 MAMALAHOA HIGHWAY KAMUELA, HI 96743",20.023249,-155.66546,1,range_interpolation,67,"Mamalahoa Hwy",Kamuela,HI,"Hawaii County",96743,US,"TIGER/Line® dataset from the US Census Bureau"
"ONE MEMORIAL DRIVE ALTON, IL 62002",38.8906,-90.18428,1,place,,,Alton,IL,"Madison County",62002,US,"TIGER/Line® dataset from the US Census Bureau"
"BROADWAY ST &amp; N 11TH ST QUINCY, IL 62305",39.934968,-91.329906,1,street_center,,"Broadway St",Quincy,IL,"Adams County",62305,US,"TIGER/Line® dataset from the US Census Bureau"
"15TH STREET AT CALIFORNIA CHICAGO, IL 60608",41.860121,-87.695717,0.8,intersection,,"S California Ave",Chicago,IL,"Cook County",60608,US,"TIGER/Line® dataset from the US Census Bureau"
"ST ANTHONY'S WAY ALTON, IL 62002",38.907614,-90.172734,1,street_center,,"St Anthonys Way",Alton,IL,"Madison County",62002,US,"TIGER/Line® dataset from the US Census Bureau"
"12935 S GREGORY BLUE ISLAND, IL 60406",41.658155,-87.677314,1,rooftop,12935,"Gregory St","Blue Island",IL,"Cook County",60406,US,Cook
"20201 S CRAWFORD AVENUE OLYMPIA FIELDS, IL 60461",41.523061,-87.710781,1,rooftop,20201,"Crawford Ave","Olympia Fields",IL,"Cook County",60461,US,Cook
"ONE ST ELIZABETH BOULEVARD O FALLON, IL 62269",38.593938,-89.939269,0.8,place,,,"O Fallon",IL,"St. Clair County",62269,US,"TIGER/Line® dataset from the US Census Bureau"
"100 DOCTOR WARREN TUTTLE DR HARRISBURG, IL 62946",37.720129,-88.536736,0.33,place,,,Harrisburg,IL,"Saline County",62946,US,"TIGER/Line® dataset from the US Census Bureau"
"FERRELL ROAD ROSICLARE, IL 62982",37.417713,-88.354451,1,place,,,Rosiclare,IL,"Hardin County",62982,US,"TIGER/Line® dataset from the US Census Bureau"
"7TH AND TAYLOR VANDALIA, IL 62471",38.970641,-89.098878,0.74,intersection,,"N 7th St",Vandalia,IL,"Fayette County",62471,US,"TIGER/Line® dataset from the US Census Bureau"
"818 E BROADWAY SPARTA, IL 62286",38.124119,-89.691272,1,rooftop,818,"E Broadway St",Sparta,IL,"Randolph County",62286,US,Randolph
"E 65TH ST AT LAKE MICHIGAN CHICAGO, IL 60649",41.775721,-87.686499,0.9,street_center,,"E 65th St",Chicago,IL,"Cook County",60629,US,"TIGER/Line® dataset from the US Census Bureau"
"1373 EAST SR 62 MADISON, IN 47250",38.788371,-85.36708,1,range_interpolation,1373,"State Rd 62",Madison,IN,"Jefferson County",47250,US,"TIGER/Line® dataset from the US Census Bureau"
"1001 E PENNSYLVANIA OTTUMWA, IA 52501",41.027642,-92.390087,0.5,range_interpolation,1001,"Pennsylvania Ave",Ottumwa,IA,"Wapello County",52501,US,"TIGER/Line® dataset from the US Census Bureau"
"ONE ST JOSEPH'S DRIVE CENTERVILLE, IA 52544",40.686447,-92.881614,1,place,,,Centerville,IA,"Appanoose County",52544,US,"TIGER/Line® dataset from the US Census Bureau"
"445 N HILLTOP ELKHART, KS 67950",37.001897,-101.905637,1,rooftop,445,"Hilltop St",Elkhart,KS,"Morton County",67950,US,Statewide
"235 WEST VINE PO BOX 969 DIGHTON, KS 67839",38.480152,-100.469193,1,rooftop,235,"W Vine St",Dighton,KS,"Lane County",67839,US,Statewide
"625 SOUTH KENTUCKY ASHLAND, KS 67831",37.189537,-99.779018,1,rooftop,625,"Kentucky St",Ashland,KS,"Clark County",67831,US,Statewide
"2ND &amp; FRISCO STREET COLDWATER, KS 67029",37.267775,-99.331777,0.9,range_interpolation,,"W 2nd St",Coldwater,KS,"Comanche County",67029,US,"TIGER/Line® dataset from the US Census Bureau"
"700 NORTH HUSER SYRACUSE, KS 67878",37.9851,-101.741898,1,rooftop,700,"N Huser St",Syracuse,KS,"Hamilton County",67878,US,Statewide
"CHEYENNE &amp; APACHE SATANTA, KS 67870",37.436688,-100.986817,1,street_center,,"Cheyenne Ave",Satanta,KS,"Haskell County",67870,US,"TIGER/Line® dataset from the US Census Bureau"
"14TH &amp; OREGON SABETHA, KS 66534",39.898438,-95.806991,0.9,street_center,,"S 14th St",Sabetha,KS,"Nemaha County",66534,US,"TIGER/Line® dataset from the US Census Bureau"
"REECE CAMPUS 2600 OTTAWA ROAD NEODESHA, KS 66757",37.41839,-95.68026,0.33,place,,,Neodesha,KS,"Wilson County",66757,US,"TIGER/Line® dataset from the US Census Bureau"
"800 RAVIN HILL DRIVE ATCHISON, KS 66002",39.536748,-95.128227,1,rooftop,800,"Raven Hill Rd",Atchison,KS,"Atchison County",66002,US,"Atchison County"
"ONE SAINT JOSEPH DRIVE LEXINGTON, KY 40504",38.038613,-84.539422,1,place,,,Lexington,KY,"Fayette County",40504,US,"TIGER/Line® dataset from the US Census Bureau"
"ONE TRILLIUM WAY CORBIN, KY 40701",36.854371,-84.184688,1,place,,,Corbin,KY,"Whitley County",40701,US,"TIGER/Line® dataset from the US Census Bureau"
"323 W WALNUT BASTROP, LA 71220",32.775112,-91.917931,1,range_interpolation,323,"W Walnut Ave",Bastrop,LA,"Morehouse Parish",71220,US,"TIGER/Line® dataset from the US Census Bureau"
"NO 1 MEDICAL PLAZA MINDEN, LA 71055",32.725217,-93.312837,1,place,,,Minden,LA,"Webster Parish",71055,US,"TIGER/Line® dataset from the US Census Bureau"
"187 NINTH ST/HWY 84 WEST JENA, LA 71342",31.696111,-92.157868,1,range_interpolation,187,"9th St",Jena,LA,"LaSalle Parish",71342,US,"TIGER/Line® dataset from the US Census Bureau"
"1700 WALLACE BLVD FERRIDAY, LA 71334",31.646592,-91.55439,0.9,rooftop,1700,"N Ee Wallace Blvd",Ferriday,LA,"Concordia Parish",71334,US,Concordia
"PO BOX 151 PRESQUE ISLE, ME 04769",46.715072,-68.012557,1,place,,,"Presque Isle",ME,"Aroostook County",04769,US,"TIGER/Line® dataset from the US Census Bureau"
"PO BOX 404 BANGOR, ME 04401",44.848517,-68.850405,1,place,,,Bangor,ME,"Penobscot County",04401,US,"TIGER/Line® dataset from the US Census Bureau"
"PO BOX 1129 GREENVILLE, ME 04441",45.4666,-69.58907,1,place,,,Greenville,ME,"Piscataquis County",04441,US,"TIGER/Line® dataset from the US Census Bureau"
"ONE GENERAL STREET LAWRENCE, MA 01842",42.635443,-70.879123,1,place,,,Lawrence,MA,"Essex County",01842,US,"TIGER/Line® dataset from the US Census Bureau"
"41 &amp; 45 MALL ROAD BURLINGTON, MA 01803",42.504844,-71.201539,0.33,place,,,Burlington,MA,"Middlesex County",01803,US,"TIGER/Line® dataset from the US Census Bureau"
"ONE HOSPITAL ROAD, FIRST FL, WING 5, PO BOX 1477 OAK BLUFFS, MA 02557",41.45428,-70.56197,1,place,,,"Oak Bluffs",MA,"Dukes County",02557,US,"TIGER/Line® dataset from the US Census Bureau"
"ONE N ATKINSON DRIVE LUDINGTON, MI 49431",43.998926,-86.349439,1,place,,,Ludington,MI,"Mason County",49431,US,"TIGER/Line® dataset from the US Census Bureau"
"ONE HURLEY PLAZA FLINT, MI 48503",43.010835,-83.69278,1,place,,,Flint,MI,"Genesee County",48503,US,"TIGER/Line® dataset from the US Census Bureau"
"ONE GENESYS PARKWAY GRAND BLANC, MI 48439",42.9227,-83.67376,1,place,,,"Grand Blanc",MI,"Genesee County",48439,US,"TIGER/Line® dataset from the US Census Bureau"
"44201 DEQUINDRE ROAD TROY, MI 48085",42.618246,-83.093743,1,rooftop,44201,"Dequindre Rd",Troy,MI,"Oakland County",48085,US,Oakland
"4201 ST ANTOINE ST - 3M DETROIT, MI 48201",42.353501,-83.054717,1,rooftop,4201,"St Antoine",Detroit,MI,"Wayne County",48201,US,Semcog
"ONE WILLIAM CARLS DRIVE COMMERCE TOWNSHIP, MI 48382",42.583382,-83.500878,1,place,,,"Commerce Township",MI,"Oakland County",48382,US,"TIGER/Line® dataset from the US Census Bureau"
"14700 LAKESHORE DRIVE CHARLEVOIX, MI 49720",45.198331,-85.386241,0.6,street_center,,"Lakeshore Dr",Charlevoix,MI,"Antrim County",49720,US,"TIGER/Line® dataset from the US Census Bureau"
"300 N PATTERSON, PO BOX 75 REED CITY, MI 49677",43.819898,-85.523131,0.2,range_interpolation,300,"S 220th Ave","Reed City",MI,"Osceola County",49677,US,"TIGER/Line® dataset from the US Census Bureau"
"PO BOX 497 REDLAKE, MN 56671",47.85443,-95.00397,1,place,,,Redlake,MN,"Beltrami County",56671,US,"TIGER/Line® dataset from the US Census Bureau"
"414 W JEFFERSON PO BOX 396 MAHNOMEN, MN 56557",47.310998,-95.963144,0.9,range_interpolation,414,"E Jefferson Ave",Mahnomen,MN,"Mahnomen County",56557,US,"TIGER/Line® dataset from the US Census Bureau"
"100 HEALTHY WAY OLIVIA, MN 56277",44.774402,-94.97261,1,rooftop,100,"Healthy Way",Olivia,MN,"Renville County",56277,US,Renville
"50 CENTRACARE DRIVE LONG PRAIRIE, MN 56347",45.973122,-94.843122,1,rooftop,50,"Centracare Dr","Long Prairie",MN,"Todd County",56347,US,Todd
"200 HWY 30 WEST NEW ALBANY, MS 38652",34.498566,-89.027913,1,range_interpolation,200,"Hwy 30 W","New Albany",MS,"Union County",38652,US,"TIGER/Line® dataset from the US Census Bureau"
"P O BOX 948/427 HIGHWAY 51 NORTH BROOKHAVEN, MS 39601",31.563224,-90.470661,1,place,,,Brookhaven,MS,"Lincoln County",39601,US,"TIGER/Line® dataset from the US Census Bureau"
"870 S MAIN FAYETTE, MS 39069",31.71385,-91.060251,0.9,range_interpolation,870,"Main St",Fayette,MS,"Jefferson County",39069,US,"TIGER/Line® dataset from the US Census Bureau"
"6051 US HIGHWAY 49 HATTIESBURG, MS 39404",31.318572,-89.330131,0.9,rooftop,6051,"Hwy 49",Hattiesburg,MS,"Forrest County",39401,US,"City of Hattiesburg"
"52 SERGEANT PRENTISS DRIVE NATCHEZ, MS 39120",31.548119,-91.373047,0.6,street_center,,"US 61",Natchez,MS,"Adams County",39120,US,"TIGER/Line® dataset from the US Census Bureau"
"215 MARION AV BOX 1307 MCCOMB, MS 39649",31.252059,-90.472609,0.9,range_interpolation,215,"Marion Ave",McComb,MS,"Pike County",39648,US,"TIGER/Line® dataset from the US Census Bureau"
"ROUTE 7 BOX R50 PHILADELPHIA, MS 39350",32.754387,-89.116797,1,place,,,Philadelphia,MS,"Neshoba County",39350,US,"TIGER/Line® dataset from the US Census Bureau"
"3550 HWY 468 W, BLDG 60 WHITFIELD, MS 39193",32.234775,-90.07263,0.33,place,,,Whitfield,MS,"Jones County",39193,US,"TIGER/Line® dataset from the US Census Bureau"
"78 HOSPITAL ROAD MACON, MS 39341",33.125769,-88.54474,0.33,place,,,Macon,MS,"Noxubee County",39341,US,"TIGER/Line® dataset from the US Census Bureau"
"178 HIGHWAY 24 CENTREVILLE, MS 39631",31.078939,-91.129389,0.6,street_center,,"Hwy 24 E",Centreville,MS,"Wilkinson County",39631,US,"TIGER/Line® dataset from the US Census Bureau"
"615 NEW BALLAS ROAD SAINT LOUIS, MO 63141",38.666993,-90.443887,0.9,rooftop,615,"N New Ballas Rd","Saint Louis",MO,"St. Louis County",63141,US,"St Louis"
"ONE BARNES-JEWISH HOSPITAL PLAZA SAINT LOUIS, MO 63110",38.625401,-90.268132,1,place,,,"Saint Louis",MO,"St. Louis city",63110,US,"TIGER/Line® dataset from the US Census Bureau"
"ONE HOSPITAL DRIVE COLUMBIA, MO 65212",38.937608,-92.33043,1,place,,,Columbia,MO,"Boone County",65212,US,"TIGER/Line® dataset from the US Census Bureau"
"2305 S 65 HIGHWAY MARSHALL, MO 65340",39.104506,-93.213214,0.9,range_interpolation,2305,"Us Hwy 65",Marshall,MO,"Saline County",65340,US,"TIGER/Line® dataset from the US Census Bureau"
"211 ST FRANCIS DR CAPE GIRARDEAU, MO 63703",37.303581,-89.571252,1,rooftop,211,"St Francis Dr","Cape Girardeau",MO,"Cape Girardeau County",63703,US,"City of Cape Girardeau"
"17065 S 71 HIGHWAY BELTON, MO 64012",38.814999,-94.505311,1,range_interpolation,17065,"Us Hwy 71",Belton,MO,"Cass County",64012,US,"TIGER/Line® dataset from the US Census Bureau"
"PO BOX 774, SALEM, MO 65560",37.640709,-91.53927,1,place,,,Salem,MO,"Dent County",65560,US,"TIGER/Line® dataset from the US Census Bureau"
"100 WEST HIGHWAY 60, PO BOX 82 MOUNTAIN VIEW, MO 65548",37.001665,-91.696368,0.9,range_interpolation,100,"E Us Hwy 60","Mountain View",MO,"Howell County",65548,US,"TIGER/Line® dataset from the US Census Bureau"
"ONE CHILDRENS PLACE SAINT LOUIS, MO 63110",38.625401,-90.268132,1,place,,,"Saint Louis",MO,"St. Louis city",63110,US,"TIGER/Line® dataset from the US Census Bureau"
"2475 BROADWAY HELENA, MT 59601",46.583066,-111.997418,1,rooftop,2475,Broadway,Helena,MT,"Lewis and Clark County",59601,US,"Montana State Library"
"760 HOSPITAL CIRCLE, POST OFFICE BOX 760 BROWNING, MT 59417",48.565615,-113.019658,1,rooftop,760,"Hospital Cir",Browning,MT,"Glacier County",59417,US,"Montana State Library"
"1501 ST CHARLES ST FORT BENTON, MT 59442",47.820548,-110.672161,1,rooftop,1501,"St Charles St","Fort Benton",MT,"Chouteau County",59442,US,"Montana State Library"
"1010 SOUTH 7650 EAST, POST OFFICE BOX 9 CROW AGENCY, MT 59022",45.608203,-107.469868,0.33,place,,,"Crow Agency",MT,"Big Horn County",59022,US,"TIGER/Line® dataset from the US Census Bureau"
"P O BOX 1990, 10 EAST 31ST ST KEARNEY, NE 68848",40.686053,-99.069318,1,place,,,Kearney,NE,"Buffalo County",68848,US,"TIGER/Line® dataset from the US Census Bureau"
"987400 NEBRASKA MEDICAL CENTER OMAHA, NE 68198",41.291736,-96.171104,0.33,place,,,Omaha,NE,"Douglas County",68198,US,"TIGER/Line® dataset from the US Census Bureau"
"P O BOX 34400, 6901 NORTH 72ND ST, STE 20300 OMAHA, NE 68122",41.207471,-96.069085,0.9,street_center,,"P St",Omaha,NE,"Douglas County",68127,US,"TIGER/Line® dataset from the US Census Bureau"
"P O BOX 836, 717 NORTH BROWN ST ALMA, NE 68920",40.219367,-99.33084,1,street_center,,"P Rd",Alma,NE,"Harlan County",68920,US,"TIGER/Line® dataset from the US Census Bureau"
"P O BOX 193, 1900 F STREET GENEVA, NE 68361",40.536621,-97.599834,1,street_center,,"P St",Geneva,NE,"Fillmore County",68361,US,"TIGER/Line® dataset from the US Census Bureau"
"P O BOX 433, 600 I ST PAWNEE CITY, NE 68420",40.107837,-96.142608,1,street_center,,"P St","Pawnee City",NE,"Pawnee County",68420,US,"TIGER/Line® dataset from the US Census Bureau"
"P O BOX 118, 401 SOUTH 5TH STREET LYNCH, NE 68746",42.83028,-98.46619,1,place,,,Lynch,NE,"Boyd County",68746,US,"TIGER/Line® dataset from the US Census Bureau"
"P O BOX N, 1579 MIDLAND ST SYRACUSE, NE 68446",40.56654,-96.209881,1,street_center,,"P Rd",Syracuse,NE,"Otoe County",68446,US,"TIGER/Line® dataset from the US Census Bureau"
"P O BOX 310, 706 EWING AVE GENOA, NE 68640",41.445863,-97.732584,1,place,,,Genoa,NE,"Nance County",68640,US,"TIGER/Line® dataset from the US Census Bureau"
"P O BOX 428, 531 BEEBE ST OSCEOLA, NE 68651",41.170633,-97.57,0.33,place,,,Osceola,NE,"Polk County",68651,US,"TIGER/Line® dataset from the US Census Bureau"
"P O BOX 187, 520 EAST 10TH ST SUPERIOR, NE 68978",40.036673,-98.069593,1,place,,,Superior,NE,"Nuckolls County",68978,US,"TIGER/Line® dataset from the US Census Bureau"
"P O BOX 465, 621 N FRANKLIN ST RED CLOUD, NE 68970",40.201919,-98.500021,1,place,,,"Red Cloud",NE,"Webster County",68970,US,"TIGER/Line® dataset from the US Census Bureau"
"P O BOX 277, 2200 H ST FAIRBURY, NE 68352",40.175641,-97.171023,1,place,,,Fairbury,NE,"Jefferson County",68352,US,"TIGER/Line® dataset from the US Census Bureau"
"P O BOX 229, 102 WEST 9TH ST NELIGH, NE 68756",42.13215,-98.033774,1,street_center,,"P St",Neligh,NE,"Antelope County",68756,US,"TIGER/Line® dataset from the US Census Bureau"
"P O BOX 108, 300 EAST 12TH ST COZAD, NE 69130",40.895003,-99.967448,1,place,,,Cozad,NE,"Dawson County",69130,US,"TIGER/Line® dataset from the US Census Bureau"
"P O BOX 186, 1503 MAIN ST CREIGHTON, NE 68729",42.490856,-97.919351,1,place,,,Creighton,NE,"Knox County",68729,US,"TIGER/Line® dataset from the US Census Bureau"
"P O BOX 151, 723 WEST FAIRVIEW ST ALBION, NE 68620",41.648736,-98.011092,1,place,,,Albion,NE,"Boone County",68620,US,"TIGER/Line® dataset from the US Census Bureau"
"P O BOX 100, 211 E KIMBALL CALLAWAY, NE 68825",41.290502,-99.921245,1,place,,,Callaway,NE,"Custer County",68825,US,"TIGER/Line® dataset from the US Census Bureau"
"2222 LINCOLN AVE YORK, NE 68467",40.882756,-97.5929,1,range_interpolation,2222,"Lincoln Ave",York,NE,"York County",68467,US,"TIGER/Line® dataset from the US Census Bureau"
"P O BOX 406, 1113 SHERMAN ST ST PAUL, NE 68873",41.232405,-98.503283,1,place,,,"Saint Paul",NE,"Howard County",68873,US,"TIGER/Line® dataset from the US Census Bureau"
"P O BOX 626, 1313 NORTH CHEYENNE ST BENKELMAN, NE 69021",40.04722,-101.53322,1,place,,,Benkelman,NE,"Dundy County",69021,US,"TIGER/Line® dataset from the US Census Bureau"
"P O BOX 410, 510 NORTH GREEN ST VALENTINE, NE 69201",42.87278,-100.55097,1,place,,,Valentine,NE,"Cherry County",69201,US,"TIGER/Line® dataset from the US Census Bureau"
"P O BOX 489, 704 NORTH THIRD ST PLAINVIEW, NE 68769",42.35378,-97.788065,1,place,,,Plainview,NE,"Pierce County",68769,US,"TIGER/Line® dataset from the US Census Bureau"
"P O BOX 429, 402 NORTH MAPLE ST OSMOND, NE 68765",42.360661,-97.598511,1,place,,,Osmond,NE,"Pierce County",68765,US,"TIGER/Line® dataset from the US Census Bureau"
"P O BOX 100, 100 HOSPITAL DRIVE PENDER, NE 68047",42.110449,-96.723917,1,place,,,Pender,NE,"Thurston County",68047,US,"TIGER/Line® dataset from the US Census Bureau"
"P O BOX 819, 600 W 12TH ST IMPERIAL, NE 69033",40.515114,-101.632038,1,place,,,Imperial,NE,"Chase County",69033,US,"TIGER/Line® dataset from the US Census Bureau"
"P O BOX 399, 3307 BARADA ST FALLS CITY, NE 68355",40.073908,-95.602053,1,place,,,"Falls City",NE,"Richardson County",68355,US,"TIGER/Line® dataset from the US Census Bureau"
"P O BOX 220, 2910 BETTEN DR CRETE, NE 68333",40.628937,-97.016925,1,place,,,Crete,NE,"Saline County",68333,US,"TIGER/Line® dataset from the US Census Bureau"
"P O BOX 810, 2101 BOX BUTTE AVE ALLIANCE, NE 69301",42.09302,-102.8702,1,place,,,Alliance,NE,"Box Butte County",69301,US,"TIGER/Line® dataset from the US Census Bureau"
"P O BOX 980, 1201 NORTH ERIE ST LEXINGTON, NE 68850",40.873227,-99.718408,1,place,,,Lexington,NE,"Dawson County",68850,US,"TIGER/Line® dataset from the US Census Bureau"
"P O BOX 1328, 1301 EAST H ST MCCOOK, NE 69001",40.212666,-100.626715,0.9,street_center,,"W P St","Mc Cook",NE,"Red Willow County",69001,US,"TIGER/Line® dataset from the US Census Bureau"
"P O BOX 278, 4800 HOSPITAL PARKWAY BEATRICE, NE 68310",40.313364,-96.693082,1,place,,,Beatrice,NE,"Gage County",68310,US,"TIGER/Line® dataset from the US Census Bureau"
"3001 ST ROSE PARKWAY HENDERSON, NV 89052",36.004419,-115.115161,1,rooftop,3001,"St Rose Pkwy",Henderson,NV,"Clark County",89052,US,Henderson
"1050 WEST GALLERIA DRIVE HENDERSON, NV 89011",36.072808,-115.030745,1,rooftop,1050,"W Galleria Dr",Henderson,NV,"Clark County",89011,US,Henderson
"1107 HIGHWAY 395 GARDNERVILLE, NV 89410",38.91932,-119.718681,1,rooftop,1107,"N Hwy 395",Gardnerville,NV,"Douglas County",89410,US,Douglas
"213 S WHITACRE/PO BOX 940 YERINGTON, NV 89447",38.983065,-119.166914,1,range_interpolation,213,"S Whitacre St",Yerington,NV,"Lyon County",89447,US,"TIGER/Line® dataset from the US Census Bureau"
"ONE CLARA MAASS DRIVE BELLEVILLE, NJ 07109",40.79493,-74.16188,1,place,,,Belleville,NJ,"Essex County",07109,US,"TIGER/Line® dataset from the US Census Bureau"
"ONE PLAINSBORO ROAD PLAINSBORO, NJ 08536",40.342197,-74.582062,1,place,,,Plainsboro,NJ,"Middlesex County",08536,US,"TIGER/Line® dataset from the US Census Bureau"
"TWO STONE HARBOR BLVD CAPE MAY COURT HOUSE, NJ 08210",39.137841,-74.78056,1,place,,,"Cape May Court House",NJ,"Cape May County",08210,US,"TIGER/Line® dataset from the US Census Bureau"
"ONE RIVERVIEW PLAZA RED BANK, NJ 07701",40.358409,-74.068143,1,place,,,"Red Bank",NJ,"Monmouth County",07701,US,"TIGER/Line® dataset from the US Census Bureau"
"ONE ROBERT WOOD JOHNSON PLACE NEW BRUNSWICK, NJ 08901",40.486754,-74.444395,1,place,,,"New Brunswick",NJ,"Middlesex County",08901,US,"TIGER/Line® dataset from the US Census Bureau"
"ONE CAPITAL WAY PENNINGTON, NJ 08534",40.32863,-74.813557,1,place,,,Pennington,NJ,"Mercer County",08534,US,"TIGER/Line® dataset from the US Census Bureau"
"BAY AND HIGHLAND AVE MONTCLAIR, NJ 07042",40.810255,-74.205332,0.84,intersection,,"Bay St","Glen Ridge",NJ,"Essex County",07028,US,"TIGER/Line® dataset from the US Census Bureau"
"1945 RTE 33 NEPTUNE, NJ 07754",40.208576,-74.041912,0.9,rooftop,1945,"State Highway 33",Neptune,NJ,"Monmouth County",07753,US,"NJ Office of Information Technology (NJOIT), Office of Geographic Information Systems (OGIS)"
"ONE HAMILTON HEALTH PLACE HAMILTON, NJ 08690",40.233577,-74.657602,0.67,place,,,Trenton,NJ,"Mercer County",08690,US,"TIGER/Line® dataset from the US Census Bureau"
"P O BOX 210 MESCALERO, NM 88340",33.154212,-105.803067,1,place,,,Mescalero,NM,"Otero County",88340,US,"TIGER/Line® dataset from the US Census Bureau"
"US HWY 491 NORTH SHIPROCK, NM 87420",36.769597,-108.698188,0.6,street_center,,"US 491",Shiprock,NM,"San Juan County",87420,US,"TIGER/Line® dataset from the US Census Bureau"
"ROUTE 301 NORTH B STREET ZUNI, NM 87327",35.064494,-108.83846,0.6,street_center,,"Rte 301 S",Zuni,NM,"McKinley County",87327,US,"TIGER/Line® dataset from the US Census Bureau"
"JUNCTION OF HWY 371 CROWNPOINT, NM 87313",35.598506,-108.000168,1,place,,,Crownpoint,NM,"McKinley County",87313,US,"TIGER/Line® dataset from the US Census Bureau"
"EXIT #102 OFF I-40 1/2 MILE SOUTH SAN FIDEL, NM 87049",35.08226,-107.59922,1,place,,,"San Fidel",NM,"Cibola County",87049,US,"TIGER/Line® dataset from the US Census Bureau"
"900 W ASH DEMING, NM 88031",32.260928,-107.767724,0.9,rooftop,900,"W Ash St",Deming,NM,"Luna County",88030,US,Luna
"ONE GUSTAVE L LEVY PLACE NEW YORK, NY 10029",40.791884,-73.943517,1,place,,,"New York",NY,"New York County",10029,US,"TIGER/Line® dataset from the US Census Bureau"
"1656 CHAMPLIN AVENUE UTICA, NY 13503",43.098075,-75.275456,0.9,rooftop,1656,"Champlin Ave",Utica,NY,"Oneida County",13502,US,"NYS GIS Program Office, State Geographic Information Officer (GIO)"
"6511 SPRINGBROOK AVENUE RHINEBECK, NY 12572",41.93552,-73.912625,1,rooftop,6511,"Springbrook Ave",Rhinebeck,NY,"Dutchess County",12572,US,"NYS GIS Program Office, State Geographic Information Officer (GIO)"
"56-45 MAIN STREET FLUSHING, NY 11355",40.746964,-73.825712,1,rooftop,56-45,"Main St",Flushing,NY,"Queens County",11355,US,"City of New York"
"196 -198 NORTH STREET GENEVA, NY 14456",42.857414,-77.034883,0.33,place,,,Geneva,NY,"Ontario County",14456,US,"TIGER/Line® dataset from the US Census Bureau"
"ONE NORTON AVENUE ONEONTA, NY 13820",42.461688,-75.096727,1,place,,,Oneonta,NY,"Otsego County",13820,US,"TIGER/Line® dataset from the US Census Bureau"
"ONE ATWELL ROAD COOPERSTOWN, NY 13326",42.714065,-74.890929,1,place,,,Cooperstown,NY,"Otsego County",13326,US,"TIGER/Line® dataset from the US Census Bureau"
"101 ST ANDREWS LANE GLEN COVE, NY 11542",40.86232,-73.63374,0.33,place,,,"Glen Cove",NY,"Nassau County",11542,US,"TIGER/Line® dataset from the US Census Bureau"
"270 - 05 76TH AVENUE NEW HYDE PARK, NY 11040",40.753237,-73.706888,0.9,range_interpolation,270,"76th Ave","New Hyde Park",NY,"Queens County",11040,US,"TIGER/Line® dataset from the US Census Bureau"
"ONE HEALTHY WAY OCEANSIDE, NY 11572",40.652212,-73.630798,1,street_center,,"One Healthy Way",Oceanside,NY,"Nassau County",11572,US,"TIGER/Line® dataset from the US Census Bureau"
"41 EAST POST R0AD WHITE PLAINS, NY 10601",41.025958,-73.769055,1,rooftop,41,"E Post Rd","White Plains",NY,"Westchester County",10601,US,Westchester
"3424 KOSSUTH AVENUE &amp; 210TH STREET BRONX, NY 10467",40.880373,-73.881533,1,rooftop,3424,"Kossuth Ave",Bronx,NY,"Bronx County",10467,US,"City of New York"
"HEALTH SCIENCES CENTER SUNY STONY BROOK, NY 11794",40.906559,-73.111411,0.9,street_center,,"Health Sciences Dr","Stony Brook",NY,"Suffolk County",11790,US,"TIGER/Line® dataset from the US Census Bureau"
"8081 ROUTE 97 CALLICOON, NY 12723",41.775202,-75.01807,0.33,place,,,Callicoon,NY,"Sullivan County",12723,US,"TIGER/Line® dataset from the US Census Bureau"
"PO BOX 3814 DUMC ERWIN RD DURHAM, NC 27710",36.051155,-78.857651,1,place,,,Durham,NC,"Durham County",27710,US,"TIGER/Line® dataset from the US Census Bureau"
"MEDICAL CENTER BOULEVARD WINSTON-SALEM, NC 27157",36.088516,-80.270922,1,street_center,,"Medical Center Blvd","Winston Salem",NC,"Forsyth County",27157,US,"TIGER/Line® dataset from the US Census Bureau"
"PO BOX 59 HENDERSON, NC 27536",36.326731,-78.409125,1,place,,,Henderson,NC,"Vance County",27536,US,"TIGER/Line® dataset from the US Census Bureau"
"218 OLD MOCKSBVILLE RD PO BOX 1823 STATESVILLE, NC 28687",35.529792,-80.947028,0.33,place,,,Statesville,NC,"Iredell County",28687,US,"TIGER/Line® dataset from the US Census Bureau"
"CALLER BOX C268 CHEROKEE, NC 28719",35.494881,-83.34906,1,place,,,Cherokee,NC,"Swain County",28719,US,"TIGER/Line® dataset from the US Census Bureau"
"1500 MATTHEWS TWNSHP PRKWY BOX 3310 MATTHEWS, NC 28106",35.120088,-80.713924,0.9,rooftop,1500,"Matthews Township Pkwy",Matthews,NC,"Mecklenburg County",28105,US,"NC Geographic Information Coordinating Council"
"921 JUNIOR HIGH ROAD SCOTLAND NECK, NC 27874",36.1296,-77.42025,0.33,place,,,"Scotland Neck",NC,"Halifax County",27874,US,"TIGER/Line® dataset from the US Census Bureau"
"617 DOCTORS STREET SPARTA, NC 28675",36.509611,-81.109308,1,range_interpolation,617,"Doctors St",Sparta,NC,"Alleghany County",28675,US,"TIGER/Line® dataset from the US Census Bureau"
"1200 S COLUMBIA RD GRAND FORKS, ND 58201",47.910655,-97.068739,1,rooftop,1200,"S Columbia Rd","Grand Forks",ND,"Grand Forks County",58201,US,"City of Grand Forks"
"PO BOX 160 BELCOURT, ND 58316",48.777557,-99.799919,1,place,,,Belcourt,ND,"Rolette County",58316,US,"TIGER/Line® dataset from the US Census Bureau"
"10 NORTH RIVER ROAD FORT YATES, ND 58538",46.085981,-100.627375,0.5,street_center,,"S River Rd","Fort Yates",ND,"Sioux County",58538,US,"TIGER/Line® dataset from the US Census Bureau"
"PO BOX 697 KENMARE, ND 58746",48.67475,-102.08266,1,place,,,Kenmare,ND,"Ward County",58746,US,"TIGER/Line® dataset from the US Census Bureau"
"PO BOX 190 NORTHWOOD, ND 58267",47.759107,-97.603773,1,place,,,Northwood,ND,"Grand Forks County",58267,US,"TIGER/Line® dataset from the US Census Bureau"
"PO BOX 461 CARRINGTON, ND 58421",47.457278,-98.893314,1,place,,,Carrington,ND,"Foster County",58421,US,"TIGER/Line® dataset from the US Census Bureau"
"BOX 380 CAVALIER, ND 58220",48.79388,-97.62231,1,place,,,Cavalier,ND,"Pembina County",58220,US,"TIGER/Line® dataset from the US Census Bureau"
"HWY 281 N CANDO, ND 58324",48.479425,-99.209512,1,street_center,,"Us Hwy 281",Cando,ND,"Towner County",58324,US,"TIGER/Line® dataset from the US Census Bureau"
"ONE WYOMING STREET DAYTON, OH 45409",39.723809,-84.185439,1,place,,,Dayton,OH,"Montgomery County",45409,US,"TIGER/Line® dataset from the US Census Bureau"
"ONE MEDICAL CENTER DRIVE FRANKLIN, OH 45005",39.55895,-84.30411,1,place,,,Franklin,OH,"Warren County",45005,US,"TIGER/Line® dataset from the US Census Bureau"
"ONE ELIZABETH PLACE DAYTON, OH 45417",39.75344,-84.245841,1,place,,,Dayton,OH,"Montgomery County",45417,US,"TIGER/Line® dataset from the US Census Bureau"
"33300 CLEVELAND CLINIC BLVD AVON, OH 44011",41.448492,-82.019866,0.33,place,,,Avon,OH,"Lorain County",44011,US,"TIGER/Line® dataset from the US Census Bureau"
"ONE CHILDRENS PLAZA DAYTON, OH 45404",39.794958,-84.163589,1,place,,,Dayton,OH,"Montgomery County",45404,US,"TIGER/Line® dataset from the US Census Bureau"
"ONE CLARK BASS BOULEVARD MCALESTER, OK 74501",34.985768,-95.790791,1,place,,,McAlester,OK,"Pittsburg County",74501,US,"TIGER/Line® dataset from the US Census Bureau"
"1301 LINCOLN ROAD IDABEL, OK 74745",33.881041,-94.8119,1,range_interpolation,1301,"Lincoln Rd",Idabel,OK,"McCurtain County",74745,US,"TIGER/Line® dataset from the US Census Bureau"
"1323 WEST 6TH STREET STILLWATER, OK 74076",36.115107,-97.074487,0.9,rooftop,1323,"W 6th Ave",Stillwater,OK,"Payne County",74074,US,"City of Stillwater"
"1305 W CHEROKEE STREET - HIGHWAY 19 WEST LINDSAY, OK 73052",34.837291,-97.620689,1,range_interpolation,1305,"W Cherokee St",Lindsay,OK,"Garvin County",73052,US,"TIGER/Line® dataset from the US Census Bureau"
"INTERSECTION HYWS 81 &amp; 70 WAURIKA, OK 73573",34.168309,-98.000691,1,place,,,Waurika,OK,"Jefferson County",73573,US,"TIGER/Line® dataset from the US Census Bureau"
"1000 KINGFISHER HOSPITAL DRIVE KINGFISHER, OK 73750",35.897508,-97.92563,0.33,place,,,Kingfisher,OK,"Kingfisher County",73750,US,"TIGER/Line® dataset from the US Census Bureau"
"610 WEST BYPASS DRUMRIGHT, OK 74030",35.993963,-96.609936,0.6,street_center,,"State Hwy 33rd Byp",Drumright,OK,"Creek County",74030,US,"TIGER/Line® dataset from the US Census Bureau"
"1800 E COPLIN OKEMAH, OK 74859",35.462681,-96.430286,0.33,place,,,Okemah,OK,"Okfuskee County",74859,US,"TIGER/Line® dataset from the US Census Bureau"
"2801 ST ANTHONY WAY PENDLETON, OR 97801",45.67208,-118.7886,0.33,place,,,Pendleton,OR,"Umatilla County",97801,US,"TIGER/Line® dataset from the US Census Bureau"
"ONE HOSPITAL DRIVE LEWISBURG, PA 17837",40.969642,-76.948072,1,place,,,Lewisburg,PA,"Union County",17837,US,"TIGER/Line® dataset from the US Census Bureau"
"136 W DIAMOND STREET PHILADELPHIA, PA 19122",39.981739,-75.134672,1,range_interpolation,136,"W Diamond St",Philadelphia,PA,"Philadelphia County",19122,US,"TIGER/Line® dataset from the US Census Bureau"
"ONE GUTHRIE SQUARE SAYRE, PA 18840",41.97819,-76.599403,1,place,,,Sayre,PA,"Bradford County",18840,US,"TIGER/Line® dataset from the US Census Bureau"
"ONE HOSPITAL DRIVE CLARION, PA 16214",41.21479,-79.38532,1,place,,,Clarion,PA,"Clarion County",16214,US,"TIGER/Line® dataset from the US Census Bureau"
"34TH &amp; SPRUCE STS PHILADELPHIA, PA 19104",39.952835,-75.192224,0.9,street_center,,"S 34th St",Philadelphia,PA,"Philadelphia County",19104,US,"TIGER/Line® dataset from the US Census Bureau"
"TWO CRESCENT PARK WEST WARREN, PA 16365",41.84356,-79.172619,1,place,,,Warren,PA,"Warren County",16365,US,"TIGER/Line® dataset from the US Census Bureau"
"ONE NOLTE DRIVE KITTANNING, PA 16201",40.817197,-79.419457,1,place,,,Kittanning,PA,"Armstrong County",16201,US,"TIGER/Line® dataset from the US Census Bureau"
"ONE HOSPITAL WAY BUTLER, PA 16001",40.885861,-79.934048,1,place,,,Butler,PA,"Butler County",16001,US,"TIGER/Line® dataset from the US Census Bureau"
"ONE MEDICAL CENTER BOULEVARD UPLAND, PA 19013",39.848163,-75.378098,0.67,place,,,Chester,PA,"Delaware County",19013,US,"TIGER/Line® dataset from the US Census Bureau"
"100 LANCASTER AVE WYNNEWOOD, PA 19096",39.995432,-75.267776,0.6,street_center,,"Us Hwy 30",Wynnewood,PA,"Montgomery County",19096,US,"TIGER/Line® dataset from the US Census Bureau"
"ONE MELLON WAY LATROBE, PA 15650",40.32118,-79.37948,1,place,,,Latrobe,PA,"Westmoreland County",15650,US,"TIGER/Line® dataset from the US Census Bureau"
"LANGHORNE-NEWTOWN RD LANGHORNE, PA 19047",40.192785,-74.928092,1,street_center,,"Langhorne Newtown Rd",Langhorne,PA,"Bucks County",19047,US,"TIGER/Line® dataset from the US Census Bureau"
"ONE CHILDREN'S HOSPITAL DRIVE PITTSBURGH, PA 15224",40.464234,-79.944805,1,place,,,Pittsburgh,PA,"Allegheny County",15224,US,"TIGER/Line® dataset from the US Census Bureau"
"34TH ST &amp; CIVIC CENTER BLVD PHILADELPHIA, PA 19104",39.952835,-75.192224,0.9,street_center,,"S 34th St",Philadelphia,PA,"Philadelphia County",19104,US,"TIGER/Line® dataset from the US Census Bureau"
"1451 ASHFORD AVENUE SAN JUAN, PR 00907",18.454969,-66.064636,0.8,nearest_rooftop_match,1477,Ashford,"San Juan",PR,"San Juan Municipio",00907,US,Statewide
"2435 LAS AMERICAS AVE PONCE, PR 00733",18.019331,-66.619165,0.33,place,,,Ponce,PR,"Ponce Municipio",00733,US,"TIGER/Line® dataset from the US Census Bureau"
"SERGIO CUEVAS BUSTAMANTE STREET 550 SAN JUAN, PR 00936",18.395463,-66.073773,0.33,place,,,"San Juan",PR,"San Juan Municipio",00936,US,"TIGER/Line® dataset from the US Census Bureau"
"CALLE FONT MARTELO #3 HUMACAO, PR 00791",18.138029,-65.788499,1,place,,,Humacao,PR,"Humacao Municipio",00791,US,"TIGER/Line® dataset from the US Census Bureau"
"PDA. 20 C/ SAN RAFAEL # 1395 FERNANDEZ JUNCOS, PR 00909",18.443384,-66.068133,0.67,place,,,"San Juan",PR,"San Juan Municipio",00909,US,"TIGER/Line® dataset from the US Census Bureau"
"355 AVE FONT MARTELO HUMACAO, PR 00791",18.138029,-65.788499,1,place,,,Humacao,PR,"Humacao Municipio",00791,US,"TIGER/Line® dataset from the US Census Bureau"
"CARR 135 KM 64 2 CASTANER, PR 00631",18.190607,-66.832041,1,place,,,Castaner,PR,"Lares Municipio",00631,US,"TIGER/Line® dataset from the US Census Bureau"
"300 FONT MARTELLO STREET HUMACAO, PR 00792",18.138029,-65.788499,0.33,place,,,Humacao,PR,"Humacao Municipio",00792,US,"TIGER/Line® dataset from the US Census Bureau"
"BO. MONACILLOS CARR 22 CENTRO MEDICO DE PUERTO RIC SAN JUAN, PR 00935",18.410462,-66.060533,0.33,place,,,"San Juan",PR,"San Juan Municipio",00935,US,"TIGER/Line® dataset from the US Census Bureau"
"BO. RINCON SECTOR LAS LOMAS KM.3.1 CARR 14 CAYEY, PR 00737",18.102967,-66.139274,1,place,,,Cayey,PR,"Cayey Municipio",00737,US,"TIGER/Line® dataset from the US Census Bureau"
"CARR 349 KM 2 7 CERRO LAS MESAS MAYAGUEZ, PR 00681",18.219023,-67.508068,1,place,,,Mayaguez,PR,"Mayagez Municipio",00681,US,"TIGER/Line® dataset from the US Census Bureau"
"BARRIO MONACILLOS,CENTRO MEDICO RIO PIEDRAS, PR 00936",18.395463,-66.073773,0.67,place,,,"San Juan",PR,"San Juan Municipio",00936,US,"TIGER/Line® dataset from the US Census Bureau"
"PONCE DE LEON AVENUE STOP 37 1/2 HATO REY, PR 00918",18.418801,-66.056241,1,street_center,,"Ave Ponce De Leon","San Juan",PR,"San Juan Municipio",00918,US,"TIGER/Line® dataset from the US Census Bureau"
"CALLE JOSE C VASQUEZ BO. CAONILLAS AIBONITO, PR 00705",18.139257,-66.254404,0.8,street_center,,"Calle E",Asomante,PR,"Aibonito Municipio",00609,US,"TIGER/Line® dataset from the US Census Bureau"
"CALLE PROFESOR AUGUSTO RODRIGUEZ #1462 FERNANDEZ JUNCOS, PR 00910",18.355794,-66.062731,0.8,street_center,,"Calle E","San Juan",PR,"San Juan Municipio",00926,US,"TIGER/Line® dataset from the US Census Bureau"
"ROAD NUMBER 2 KM 173.4 CAIN ALTO SAN GERMAN, PR 00683",18.113284,-67.039706,1,place,,,"San German",PR,"San Germn Municipio",00683,US,"TIGER/Line® dataset from the US Census Bureau"
"PONCE BY PASS #2213 PONCE, PR 00717",18.001995,-66.607429,1,place,,,Ponce,PR,"Ponce Municipio",00717,US,"TIGER/Line® dataset from the US Census Bureau"
"CARRETERA #2 KM 11 7 BAYAMON, PR 00960",18.416919,-66.145795,1,place,,,Bayamon,PR,"Bayamn Municipio",00960,US,"TIGER/Line® dataset from the US Census Bureau"
"TITO CASTRO AVE #917 PONCE, PR 00733",18.019331,-66.619165,1,place,,,Ponce,PR,"Ponce Municipio",00733,US,"TIGER/Line® dataset from the US Census Bureau"
"AVE. PEDRO ALBIZU CAMPOS URB. LA HACIENDA GUAYAMA, PR 00785",18.018822,-66.795603,0.67,place,,,Guayama,PR,"Guayama Municipio",00785,US,"TIGER/Line® dataset from the US Census Bureau"
"BARRIO MONACILLOS CENTROMEDICO RIO PIEDRAS, PR 00927",18.385174,-66.071959,0.67,place,,,"San Juan",PR,"San Juan Municipio",00927,US,"TIGER/Line® dataset from the US Census Bureau"
"CARR.2 KM.1.4 AVE. SEVERIANO CUEVAS #18 AGUADILLA, PR 00603",18.455913,-67.14578,1,place,,,Aguadilla,PR,"Aguadilla Municipio",00603,US,"TIGER/Line® dataset from the US Census Bureau"
"CARRETERA 129 KM.1 AVENIDA SAN LUIS ARECIBO, PR 00613",18.458093,-66.732732,1,place,,,Arecibo,PR,"Arecibo Municipio",00613,US,"TIGER/Line® dataset from the US Census Bureau"
"371 DE DIEGO AVE SAN JUAN, PR 00923",18.4,-66.059998,0.5,nearest_rooftop_match,401,Duke,"San Juan",PR,"San Juan Municipio",00927,US,Statewide
"9 J STREET EXT HERMANAS DAVILA BAYAMON, PR 00959",18.387058,-66.159044,0.33,place,,,Bayamon,PR,"Bayamn Municipio",00959,US,"TIGER/Line® dataset from the US Census Bureau"
"CARR 2 BO SABALOS MAYAGUEZ, PR 00682",18.221443,-67.156062,1,place,,,Mayaguez,PR,"Mayagez Municipio",00682,US,"TIGER/Line® dataset from the US Census Bureau"
"CARR 172 EXIT 21 URB TURABO GARDENS CAGUAS, PR 00725",18.218819,-66.042375,1,place,,,Caguas,PR,"Caguas Municipio",00725,US,"TIGER/Line® dataset from the US Census Bureau"
"LAUREL AVE SANTA JUANITA #100 BAYAMON, PR 00956",18.369749,-66.156194,0.6,street_center,,"Ave Laurel",Bayamon,PR,"Bayamn Municipio",00956,US,"TIGER/Line® dataset from the US Census Bureau"
"CARRETERA 21 1785 URB LAS LOMAS SAN JUAN, PR 00915",18.437896,-66.048087,1,place,,,"San Juan",PR,"San Juan Municipio",00915,US,"TIGER/Line® dataset from the US Census Bureau"
"CALLE SANTA CRUZ NUMERO 70 URB SANTA CRUZ BAYAMON, PR 00961",18.399478,-66.153141,1,street_center,,"Cll Santa Cruz",Bayamon,PR,"Bayamn Municipio",00961,US,"TIGER/Line® dataset from the US Census Bureau"
"ROAD 128 KM 1.0 YAUCO, PR 00698",18.06104,-66.861164,1,place,,,Yauco,PR,"Yauco Municipio",00698,US,"TIGER/Line® dataset from the US Census Bureau"
"CALLE CONCEPCION VERA AYALA #550 S MOCA, PR 00676",18.383727,-67.080799,1,place,,,Moca,PR,"Moca Municipio",00676,US,"TIGER/Line® dataset from the US Census Bureau"
"CARR 3 KM 8 3 AVE 65TH INFANTERIA BOX 6021 CAROLINA, PR 00984",18.393355,-65.972495,0.33,place,,,Carolina,PR,"Carolina Municipio",00984,US,"TIGER/Line® dataset from the US Census Bureau"
"CARR 506 KM 1 0 COTO LAUREL, PR 00780",18.102834,-66.568105,1,place,,,"Coto Laurel",PR,"Ponce Municipio",00780,US,"TIGER/Line® dataset from the US Census Bureau"
"CALLE HERNANDEZ CARRION URB ATENAS MANATI, PR 00674",18.44553,-66.490268,1,place,,,Manati,PR,"Manat Municipio",00674,US,"TIGER/Line® dataset from the US Census Bureau"
"CARR. 2 KM 39.5 ROAD NUMBER 2 BO ALGARROBO VEGA BAJA, PR 00693",18.443109,-66.398302,1,place,,,"Vega Baja",PR,"Vega Baja Municipio",00693,US,"TIGER/Line® dataset from the US Census Bureau"
"55 PALM ST ARECIBO, PR 00614",18.429675,-66.674506,0.33,place,,,Arecibo,PR,"Arecibo Municipio",00614,US,"TIGER/Line® dataset from the US Census Bureau"
"MARGINAL CARRETERA NO 2, KM 47 7 MANATI, PR 00674",18.44553,-66.490268,1,place,,,Manati,PR,"Manat Municipio",00674,US,"TIGER/Line® dataset from the US Census Bureau"
"AVE LUIS MUNOZ MARIN CAGUAS, PR 00725",18.213638,-66.036468,0.9,street_center,,"Ave L Munoz Marin","Los Prados",PR,"Caguas Municipio",00727,US,"TIGER/Line® dataset from the US Census Bureau"
"AVE LAS CUMBRES ST 199KM 1 2 ALT DE SANTA, PR 00969",18.362322,-66.113729,0.67,place,,,Guaynabo,PR,"Guaynabo Municipio",00969,US,"TIGER/Line® dataset from the US Census Bureau"
"15 DR BASORA STREET MAYAGUEZ, PR 00681",18.219023,-67.508068,0.33,place,,,Mayaguez,PR,"Mayagez Municipio",00681,US,"TIGER/Line® dataset from the US Census Bureau"
"AVENIDA AMERICO MIRANDA, ENTRADA PRINCIPAL CM RIO PIEDRAS, PR 00936",18.440175,-66.053415,0.8,street_center,,"Avenida E","San Juan",PR,"San Juan Municipio",00915,US,"TIGER/Line® dataset from the US Census Bureau"
"GENERAL VALERO AVE#404 FAJARDO, PR 00738",18.359381,-65.611361,1,place,,,Fajardo,PR,"Fajardo Municipio",00738,US,"TIGER/Line® dataset from the US Census Bureau"
"CALLE JAVILLA #8 AL COSTADO PARQUE DE BOMBAS SAN GERMAN, PR 00683",18.113284,-67.039706,1,place,,,"San German",PR,"San Germn Municipio",00683,US,"TIGER/Line® dataset from the US Census Bureau"
"BO MONACILLO CARR NUM 22 SAN JUAN, PR 00935",18.410462,-66.060533,0.33,place,,,"San Juan",PR,"San Juan Municipio",00935,US,"TIGER/Line® dataset from the US Census Bureau"
"AVE PONCE DE LEON 435 HATO REY, PR 00919",18.410462,-66.060533,0.67,place,,,"San Juan",PR,"San Juan Municipio",00919,US,"TIGER/Line® dataset from the US Census Bureau"
"CALLE ISAAC GONZALEZ ESQUINA LEDESMA BDA NUEVA, PR 00641",18.250027,-66.698957,0.67,place,,,Utuado,PR,"Utuado Municipio",00641,US,"TIGER/Line® dataset from the US Census Bureau"
"151 AVE OSVALDO MOLINA FAJARDO, PR 00738",18.359381,-65.611361,1,place,,,Fajardo,PR,"Fajardo Municipio",00738,US,"TIGER/Line® dataset from the US Census Bureau"
"EDIF JESUS T PINEIRO AVE FERNANDEZ JUNCOS BO PUEBL CAROLINA, PR 00979",18.444389,-66.030129,1,place,,,Carolina,PR,"Carolina Municipio",00979,US,"TIGER/Line® dataset from the US Census Bureau"
"CARR 844 KM 5 CUPEY BAJO SAN JUAN, PR 00928",18.410462,-66.060533,0.33,place,,,"San Juan",PR,"San Juan Municipio",00928,US,"TIGER/Line® dataset from the US Census Bureau"
"258 SAN JORGE STREET SAN JUAN, PR 00912",18.444187,-66.059859,0.33,place,,,"San Juan",PR,"San Juan Municipio",00912,US,"TIGER/Line® dataset from the US Census Bureau"
"PUERTO RICO MEDICAL CENTER IN RIO PIEDRAS SAN JUAN, PR 00935",18.410462,-66.060533,1,place,,,"San Juan",PR,"San Juan Municipio",00935,US,"TIGER/Line® dataset from the US Census Bureau"
"FRIENDSHIP STREET NEWPORT, RI 02840",41.497468,-71.305388,1,street_center,,"Friendship St",Newport,RI,"Newport County",02840,US,"TIGER/Line® dataset from the US Census Bureau"
"PO BOX 2129 EASLEY, SC 29641",34.696486,-82.822918,0.7,street_center,,"Paw Path Ln",Clemson,SC,"Pickens County",29631,US,"TIGER/Line® dataset from the US Census Bureau"
"ONE ST FRANCIS DR GREENVILLE, SC 29601",34.848567,-82.402871,1,place,,,Greenville,SC,"Greenville County",29601,US,"TIGER/Line® dataset from the US Census Bureau"
"3000 ST MATTHEWS RD BOX 1806 ORANGEBURG, SC 29115",33.537918,-80.834396,0.9,range_interpolation,3000,"St Matthews Rd",Orangeburg,SC,"Orangeburg County",29115,US,"TIGER/Line® dataset from the US Census Bureau"
"4070 HIGHWAY 17 BYPASS PO DRAWER 3350 MURRELLS INLET, SC 29576",33.559826,-79.041968,1,rooftop,4070,"Hwy 17th Byp","Murrells Inlet",SC,"Georgetown County",29576,US,Georgetown
"400 PALMETTO HEALTH PARKWAY COLUMBIA, SC 29212",34.076232,-81.198752,0.33,place,,,Columbia,SC,"Lexington County",29212,US,"TIGER/Line® dataset from the US Census Bureau"
"321 BYPASS PO BOX 620 WINNSBORO, SC 29180",34.387337,-81.082923,0.33,place,,,Winnsboro,SC,"Fairfield County",29180,US,"TIGER/Line® dataset from the US Census Bureau"
"24276 166TH AIRPORT ROAD EAGLE BUTTE, SD 57625",45.001611,-101.232885,0.33,place,,,"Eagle Butte",SD,"Dewey County",57625,US,"TIGER/Line® dataset from the US Census Bureau"
"809 JACKSON POST OFFICE BOX 319 BURKE, SD 57523",43.182109,-99.293999,1,rooftop,809,"Jackson St",Burke,SD,"Gregory County",57523,US,Statewide
"102 MAJOR ALLEN POST OFFICE BOX 70D MARTIN, SD 57551",43.169259,-101.72995,1,rooftop,102,"Major Allen St",Martin,SD,"Bennett County",57551,US,Statewide
"8001 W 5TH POST OFFICE BOX 556 BOWDLE, SD 57428",45.44839,-99.662328,0.8,range_interpolation,8001,"5th St",Bowdle,SD,"Edmunds County",57428,US,"TIGER/Line® dataset from the US Census Bureau"
"503 W PINE POST OFFICE BOX 790 PHILIP, SD 57567",44.039935,-101.671213,1,rooftop,503,"W Pne",Philip,SD,"Haakon County",57567,US,Statewide
"301 FLYNN DRIVE MILBANK, SD 57252",45.208386,-96.619519,0.1,street_center,,"479th Ave",Milbank,SD,"Grant County",57252,US,"TIGER/Line® dataset from the US Census Bureau"
"315 N WASHINGTON AVE POST OFFICE BOX 368 VIBORG, SD 57070",43.175409,-97.084301,1,rooftop,315,"N Washington St",Viborg,SD,"Turner County",57070,US,Statewide
"306 PRAIRIE AVENUE SW POST OFFICE BOX 160 DE SMET, SD 57231",44.385844,-97.561296,1,rooftop,306,"Prairie Ave SW","De Smet",SD,"Kingsbury County",57231,US,Statewide
"400 PARK STREET POST OFFICE BOX 408 GREGORY, SD 57533",43.230091,-99.435274,1,rooftop,400,"Park St",Gregory,SD,"Gregory County",57533,US,Statewide
"ONE MEDICAL PARK BLVD BRISTOL, TN 37620",36.531703,-82.192545,1,place,,,Bristol,TN,"Sullivan County",37620,US,"TIGER/Line® dataset from the US Census Bureau"
"4220 HARDING RD, PO BOX 380 NASHVILLE, TN 37205",36.129352,-86.844694,0.6,rooftop,4220,"Harding Pike",Nashville,TN,"Davidson County",37205,US,"City of Nashville"
"HWY 43 S BOX 847 LAWRENCEBURG, TN 38464",35.227213,-87.335194,1,street_center,,"Us Hwy 43 S",Lawrenceburg,TN,"Lawrence County",38464,US,"TIGER/Line® dataset from the US Census Bureau"
"6201 HARRY HINES BLVD DALLAS, TX 75390",32.818431,-96.84833,0.9,rooftop,6201,"Harry Hines Blvd",Dallas,TX,"Dallas County",75235,US,Dallas
"1201 HILL RD SMITHVILLE, TX 78957",30.003879,-97.135981,1,rooftop,1201,"Hill Rd",Smithville,TX,"Bastrop County",78957,US,Capcog
"1905 HWY 97 EAST JOURDANTON, TX 78026",28.932145,-98.525348,1,rooftop,1905,"E State Highway 97",Jourdanton,TX,"Atascosa County",78026,US,"Statewide Partial"
"4215 JOE RAMSEY BLVD GREENVILLE, TX 75401",33.122112,-96.124332,0.9,rooftop,4215,"Joe Ramsey Blvd",Greenville,TX,"Hunt County",75402,US,Hunt
"HWY 83 NORTH CHILDRESS, TX 79201",34.351706,-100.281541,1,street_center,,"Us Hwy 62",Childress,TX,"Childress County",79201,US,"TIGER/Line® dataset from the US Census Bureau"
"100 A ALTON GLOOR BROWNSVILLE, TX 78526",25.979231,-97.514195,0.7,range_interpolation,100,"Co Rd 3248",Brownsville,TX,"Cameron County",78526,US,"TIGER/Line® dataset from the US Census Bureau"
"5151 HARRY HINES BLVD DALLAS, TX 75390",32.810702,-96.837427,0.9,rooftop,5151,"Harry Hines Blvd",Dallas,TX,"Dallas County",75235,US,Dallas
"22999 US HWY 59 KINGWOOD, TX 77325",30.05008,-95.254977,0.8,rooftop,22999,"Us Highway 59 N",Humble,TX,"Montgomery County",77339,US,Montgomery
"5445 LABRANCH STREET HOUSTON, TX 77004",29.724893,-95.363752,0.33,place,,,Houston,TX,"Harris County",77004,US,"TIGER/Line® dataset from the US Census Bureau"
"2500 HWY 305 SOUTH MCCAMEY, TX 79752",31.113466,-102.210731,1,rooftop,2500,"FM 305","Mc Camey",TX,"Upton County",79752,US,"Statewide Partial"
"821 NORTH BROADWAY ASPERMONT, TX 79502",33.150522,-100.229136,1,rooftop,821,"N Broadway",Aspermont,TX,"Stonewall County",79502,US,"Statewide Partial"
"1611 SPUR 576 RANKIN, TX 79778",31.232837,-101.934372,1,rooftop,1611,"Spur 576",Rankin,TX,"Upton County",79778,US,"Statewide Partial"
"600 E INTERSTATE 20 PO BOX 640 STANTON, TX 79782",32.13861,-101.806109,0.6,street_center,,"I- 20",Stanton,TX,"Martin County",79782,US,"TIGER/Line® dataset from the US Census Bureau"
"1 NORTH AVENUE N PO BOX 1117 HASKELL, TX 79521",33.165279,-99.733757,0.6,street_center,,"Us Hwy 277 Bus",Haskell,TX,"Haskell County",79521,US,"TIGER/Line® dataset from the US Census Bureau"
"511 HOSPITAL ST SAN AUGUSTINE, TX 75972",31.531565,-94.103153,1,rooftop,511,"Hospital St","San Augustine",TX,"San Augustine County",75972,US,"Statewide Partial"
"PO BOX 750, 2301 HWY 83 W HEMPHILL, TX 75948",31.329084,-93.773671,1,place,,,Hemphill,TX,"Sabine County",75948,US,"TIGER/Line® dataset from the US Census Bureau"
"HIGHWAY 281 SOUTH BURNET, TX 78611",30.778863,-98.233985,0.6,street_center,,"US 281",Burnet,TX,"Burnet County",78611,US,"TIGER/Line® dataset from the US Census Bureau"
"3533 S ALAMEDA BOX 6530 CORPUS CHRISTI, TX 78411",27.74814,-97.384405,1,range_interpolation,3533,"S Alameda St","Corpus Christi",TX,"Nueces County",78411,US,"TIGER/Line® dataset from the US Census Bureau"
"2055 NORTH MAIN STREET TOOELE, UT 84074",40.544741,-112.298347,0.6,street_center,,"State Rte 36",Tooele,UT,"Tooele County",84074,US,"TIGER/Line® dataset from the US Census Bureau"
"5848 SOUTH 300 EAST MURRAY, UT 84107",40.64413,-111.8985,0.7,range_interpolation,5848,"S 300 W","Salt Lake City",UT,"Salt Lake County",84107,US,"TIGER/Line® dataset from the US Census Bureau"
"BOX 547 BARRE, VT 05641",44.19701,-72.50205,1,place,,,Barre,VT,"Washington County",05641,US,"TIGER/Line® dataset from the US Census Bureau"
"PO BOX 216 TOWNSHEND, VT 05353",43.070341,-72.672991,1,place,,,Townshend,VT,"Windham County",05353,US,"TIGER/Line® dataset from the US Census Bureau"
"PO BOX 2003 SPRINGFIELD, VT 05156",43.28904,-72.47592,1,place,,,Springfield,VT,"Windsor County",05156,US,"TIGER/Line® dataset from the US Census Bureau"
"9048 SUGAR ESTATE ST THOMAS, VI 00801",18.322285,-64.963715,0.33,place,,,"Saint Thomas",VI,"St. Thomas Island",00801,US,"TIGER/Line® dataset from the US Census Bureau"
"#4007 EST DIAMOND RUBY, CHRISTIANSTED ST CROIX, VI 00820",17.734211,-64.734694,0.33,place,,,Christiansted,VI,"St. Croix Island",00820,US,"TIGER/Line® dataset from the US Census Bureau"
"P O BOX 4030 PETERSBURG, VA 23803",37.209159,-77.497484,1,place,,,Petersburg,VA,"Petersburg city",23803,US,"TIGER/Line® dataset from the US Census Bureau"
"388 BEN BOLT AVENUE TAZEWELL, VA 24651",37.12554,-81.492198,0.6,street_center,,"Ben Bolt Ave",Tazewell,VA,"Tazewell County",24651,US,"TIGER/Line® dataset from the US Census Bureau"
"ONE ARH LANE - PO BOX 7 LOW MOOR, VA 24457",37.79398,-79.86887,1,place,,,"Low Moor",VA,"Alleghany County",24457,US,"TIGER/Line® dataset from the US Census Bureau"
"W 800 FIFTH AVENUE SPOKANE, WA 99210",47.653568,-117.431742,1,place,,,Spokane,WA,"Spokane County",99210,US,"TIGER/Line® dataset from the US Census Bureau"
"1035-116TH AVE NE BELLEVUE, WA 98004",47.620661,-122.187673,1,rooftop,1035,"116th Ave NE",Bellevue,WA,"King County",98004,US,King
"315 S MLK JR WAY TACOMA, WA 98405",47.247871,-122.472793,0.33,place,,,Tacoma,WA,"Pierce County",98405,US,"TIGER/Line® dataset from the US Census Bureau"
"10 NICHOLS STREET DAVENPORT, WA 99122",47.656616,-118.146139,1,range_interpolation,10,"Nichols St",Davenport,WA,"Lincoln County",99122,US,"TIGER/Line® dataset from the US Census Bureau"
"317 MARTIN LUTHER KING JR W BOX 5299 TACOMA, WA 98415",47.259392,-122.453042,0.9,rooftop,317,"Martin Luther King Jr Way",Tacoma,WA,"Pierce County",98405,US,Pierce
"MEDICAL CENTER DRIVE MORGANTOWN, WV 26506",39.650784,-79.965118,0.9,street_center,,"Medical Center Dr",Morgantown,WV,"Monongalia County",26505,US,"TIGER/Line® dataset from the US Census Bureau"
"1320 MAPLEWOOD AVENUE RONCEVERTE, WV 24970",37.773069,-80.470234,0.8,rooftop,1320,"Maplewood Ave",Lewisburg,WV,"Greenbrier County",24901,US,Statewide
"#3 EAST BENJAMIN DRIVE NEW MARTINSVILLE, WV 26155",39.681075,-80.849954,1,rooftop,3,"E Benjamin Dr","New Martinsville",WV,"Wetzel County",26155,US,Statewide
"611 ST JOSEPH AVE MARSHFIELD, WI 54449",44.677504,-90.17868,0.9,rooftop,611,"N Saint Joseph Ave",Marshfield,WI,"Wood County",54449,US,Statewide
"W180 N8085 TOWN HALL RD MENOMONEE FALLS, WI 53051",43.164253,-88.138174,1,rooftop,W180N8085,"Town Hall Rd","Menomonee Falls",WI,"Waukesha County",53051,US,Waukesha
"3003 UNIVERSITY DR MARINETTE, WI 54143",45.071101,-87.61539,0.6,street_center,,"Co Rd T",Marinette,WI,"Marinette County",54143,US,"TIGER/Line® dataset from the US Census Bureau"
"975 PORT WASHINGTON ROAD GRAFTON, WI 53024",43.322962,-87.925554,1,rooftop,975,"Port Wash Rd",Grafton,WI,"Ozaukee County",53024,US,Statewide
"1280 CHANDLER DR SPOONER, WI 54801",45.82245,-91.88934,0.33,place,,,Spooner,WI,"Washburn County",54801,US,"TIGER/Line® dataset from the US Census Bureau"
"FAGAALU VILLAGE PAGO PAGO, AS 96799",-14.278056,-170.7025,0.8,place,,,"Pago Pago",AS,"Eastern District",96799,US,"TIGER/Line® dataset from the US Census Bureau"
"85O GOV CARLOS G CAMACHO ROAD TAMUNING, GU 96913",13.444257,144.786297,0.22,place,,,Barrigada,GU,Guam,96913,US,"TIGER/Line® dataset from the US Census Bureau"
"133 ROUTE 3 DEDEDO, GU 96929",13.444257,144.786297,0.22,place,,,Yigo,GU,Guam,96929,US,"TIGER/Line® dataset from the US Census Bureau"
"PO BOX 409CK, NAVY HILL ROAD GARAPAN, MP 96950",15.190135,145.740804,0.67,place,,,Saipan,MP,"Saipan Municipality",96950,US,"TIGER/Line® dataset from the US Census Bureau"
"ONE ST MARK'S PLACE LA GRANGE, TX 78945",29.896494,-96.872133,1,place,,,"La Grange",TX,"Fayette County",78945,US,"TIGER/Line® dataset from the US Census Bureau"
"26791 HIGHWAY 380 AUBREY, TX 76227",33.220598,-96.913396,0.7,rooftop,26791,"E US 380","Little Elm",TX,"Denton County",75068,US,Denton
"16750 RED OAK DRIVE HOUSTON, TX 77090",30.01452,-95.442584,0.6,nearest_rooftop_match,16811,"Red Oak Dr",Houston,TX,"Harris County",77090,US,"Greater Houston"
"2000 TRANSMOUNTAIN RD EL PASO, TX 79911",31.904669,-106.564458,1,rooftop,2000,Transmountain,"El Paso",TX,"El Paso County",79911,US,"El Paso"
,0,0,0,,,,,,,,,
,0,0,0,,,,,,,,,
,0,0,0,,,,,,,,,
​,0,0,0,,,,,,,,,
